id;file_name;message_digest;file;file_content_type;expire_at;created_at
1;invoice infomediaries;target Fantastic Universal;../fake-data/blob/hipster.png;image/png;2020-01-04;2020-01-04
2;Forint transparent;parse;../fake-data/blob/hipster.png;image/png;2020-01-04;2020-01-04
3;El Salvador Colon US Dollar engage generate;Afghani;../fake-data/blob/hipster.png;image/png;2020-01-04;2020-01-04
4;Auto Loan Account optical Chicken;grey;../fake-data/blob/hipster.png;image/png;2020-01-05;2020-01-04
5;Metal Rwanda Down-sized;evolve;../fake-data/blob/hipster.png;image/png;2020-01-04;2020-01-04
6;CSS white orchid;AGP Cambridgeshire payment;../fake-data/blob/hipster.png;image/png;2020-01-04;2020-01-04
7;Credit Card Account Operations;clear-thinking copy;../fake-data/blob/hipster.png;image/png;2020-01-04;2020-01-04
8;back up;adapter bi-directional;../fake-data/blob/hipster.png;image/png;2020-01-04;2020-01-04
9;Games;Personal Loan Account;../fake-data/blob/hipster.png;image/png;2020-01-04;2020-01-04
10;Uzbekistan turn-key;SSL Home Loan Account;../fake-data/blob/hipster.png;image/png;2020-01-04;2020-01-04
