id;name;domain;primary_email;secondary_email;organization;created_by;created_at;updated_by;updated_at
1;Representative;payment Avon;harness technologies;Kentucky violet Shoes;feed bypassing matrix;Fresh Flats revolutionize;2020-01-04;backing up Avon;2020-01-04
2;olive;Gorgeous Metal Fish Grocery Steel;Optional;Stream;Rue Universal;quantify interactive;2020-01-04;eco-centric global Sausages;2020-01-04
3;red bypassing;Markets monitor;focus group Shirt;1080p;Monitored copying Lakes;forecast IB Points;2020-01-04;Beauty Hills Delaware;2020-01-04
4;Checking Account Mobility Gorgeous Cotton Keyboard;Decentralized Sports;Pound Sterling;Vista clicks-and-mortar;wireless TCP HTTP;Underpass Senior Kazakhstan;2020-01-04;Car generating;2020-01-04
5;capacitor architect;green haptic Washington;Indiana Legacy;Baby;sky blue;Cross-group;2020-01-04;compress;2020-01-04
6;Fish Comoros Fresh;scalable;Flat Corporate productize;Personal Loan Account withdrawal;Computer Frozen systems;RAM sensor gold;2020-01-04;Borders generating Licensed;2020-01-04
7;Avon Cambridgeshire payment;Solutions Developer;application Montserrat Future;RSS;Metal Soft;interface Customizable seamless;2020-01-04;harness Bedfordshire;2020-01-04
8;Delaware connect infrastructure;Progressive Bosnia and Herzegovina Cove;client-driven Home Loan Account;navigate;synthesizing;Sports;2020-01-04;bluetooth Accounts;2020-01-04
9;implement Assistant eyeballs;withdrawal CSS envisioneer;Philippines;composite Games Mobility;Orchestrator;Expanded;2020-01-04;infomediaries back up;2020-01-04
10;navigating;cross-platform Guinea-Bissau Supervisor;transmitter;Directives website;Branding program RAM;HTTP Small Facilitator;2020-01-04;Cheese;2020-01-04
